outcode,county
AB10,Aberdeenshire
AB11,Aberdeenshire
AB12,Kincardineshire
AB13,Aberdeenshire
AB14,Aberdeenshire
AB15,Aberdeenshire
AB16,Aberdeenshire
AB21,Aberdeenshire
AB22,Aberdeenshire
AB23,Aberdeenshire
AB24,Aberdeenshire
AB25,Aberdeenshire
AB30,Kincardineshire
AB31,Kincardineshire
AB32,Aberdeenshire
AB33,Aberdeenshire
AB34,Aberdeenshire
AB35,Aberdeenshire
AB36,Aberdeenshire
AB37,Banffshire
AB38,Morayshire
AB39,Kincardineshire
AB41,Aberdeenshire
AB42,Aberdeenshire
AB43,Aberdeenshire
AB44,Banffshire
AB45,Banffshire
AB51,Aberdeenshire
AB52,Aberdeenshire
AB53,Aberdeenshire
AB54,Aberdeenshire
AB55,Banffshire
AB56,Banffshire
AB99,Kincardineshire
AL1,Hertfordshire
AL10,Hertfordshire
AL2,Hertfordshire
AL3,Hertfordshire
AL4,Hertfordshire
AL5,Hertfordshire
AL6,Hertfordshire
AL7,Hertfordshire
AL8,Hertfordshire
AL9,Hertfordshire
B1,Warwickshire
B10,Warwickshire
B11,Warwickshire
B12,Warwickshire
B13,Worcestershire
B14,Worcestershire
B15,Warwickshire
B16,Warwickshire
B17,Staffordshire
B18,Warwickshire
B19,Staffordshire
B2,Warwickshire
B20,Staffordshire
B21,Staffordshire
B23,Warwickshire
B24,Warwickshire
B25,Worcestershire
B26,Worcestershire
B27,Worcestershire
B28,Worcestershire
B29,Worcestershire
B3,Warwickshire
B30,Worcestershire
B31,Worcestershire
B32,Worcestershire
B33,Worcestershire
B34,Warwickshire
B35,Warwickshire
B36,Warwickshire
B37,Warwickshire
B38,Worcestershire
B4,Warwickshire
B40,Warwickshire
B42,Staffordshire
B43,Staffordshire
B44,Staffordshire
B45,Worcestershire
B46,Warwickshire
B47,Worcestershire
B48,Worcestershire
B49,Warwickshire
B5,Warwickshire
B50,Warwickshire
B6,Warwickshire
B60,Worcestershire
B61,Worcestershire
B62,Worcestershire
B63,Worcestershire
B64,Staffordshire
B65,Staffordshire
B66,Staffordshire
B67,Staffordshire
B68,Worcestershire
B69,Staffordshire
B7,Warwickshire
B70,Staffordshire
B71,Staffordshire
B72,Warwickshire
B73,Warwickshire
B74,Staffordshire
B75,Warwickshire
B76,Warwickshire
B77,Warwickshire
B78,Warwickshire
B79,Staffordshire
B8,Warwickshire
B80,Warwickshire
B9,Warwickshire
B90,Warwickshire
B91,Warwickshire
B92,Warwickshire
B93,Warwickshire
B94,Warwickshire
B95,Warwickshire
B96,Worcestershire
B97,Worcestershire
B98,Warwickshire
B99,Warwickshire
BA1,Somerset
BA10,Somerset
BA11,Somerset
BA12,Wiltshire
BA13,Wiltshire
BA14,Wiltshire
BA15,Wiltshire
BA16,Somerset
BA2,Somerset
BA20,Somerset
BA21,Somerset
BA22,Somerset
BA3,Somerset
BA4,Somerset
BA5,Somerset
BA6,Somerset
BA7,Somerset
BA8,Somerset
BA9,Somerset
BB1,Lancashire
BB10,Lancashire
BB11,Lancashire
BB12,Lancashire
BB18,Yorkshire
BB2,Lancashire
BB3,Lancashire
BB4,Lancashire
BB5,Lancashire
BB6,Lancashire
BB7,Lancashire
BB8,Lancashire
BB9,Lancashire
BD1,Yorkshire
BD10,Yorkshire
BD11,Yorkshire
BD12,Yorkshire
BD13,Yorkshire
BD14,Yorkshire
BD15,Yorkshire
BD16,Yorkshire
BD17,Yorkshire
BD18,Yorkshire
BD19,Yorkshire
BD2,Yorkshire
BD20,Yorkshire
BD21,Yorkshire
BD22,Yorkshire
BD23,Yorkshire
BD24,Yorkshire
BD3,Yorkshire
BD4,Yorkshire
BD5,Yorkshire
BD6,Yorkshire
BD7,Yorkshire
BD8,Yorkshire
BD9,Yorkshire
BD97,Yorkshire
BD98,Yorkshire
BD99,Yorkshire
BH1,Hampshire
BH10,Dorset
BH11,Dorset
BH12,Dorset
BH13,Dorset
BH14,Dorset
BH15,Dorset
BH16,Dorset
BH17,Dorset
BH18,Dorset
BH19,Dorset
BH2,Hampshire
BH20,Dorset
BH21,Dorset
BH22,Dorset
BH23,Hampshire
BH24,Hampshire
BH25,Hampshire
BH3,Hampshire
BH31,Dorset
BH4,Hampshire
BH5,Hampshire
BH6,Hampshire
BH7,Hampshire
BH8,Hampshire
BH9,Hampshire
BL0,Lancashire
BL1,Lancashire
BL11,Lancashire
BL2,Lancashire
BL3,Lancashire
BL4,Lancashire
BL5,Lancashire
BL6,Lancashire
BL7,Lancashire
BL78,Lancashire
BL8,Lancashire
BL9,Lancashire
BN1,Sussex
BN10,Sussex
BN11,Sussex
BN12,Sussex
BN13,Sussex
BN14,Sussex
BN15,Sussex
BN16,Sussex
BN17,Sussex
BN18,Sussex
BN2,Sussex
BN20,Sussex
BN21,Sussex
BN22,Sussex
BN23,Sussex
BN24,Sussex
BN25,Sussex
BN26,Sussex
BN27,Sussex
BN3,Sussex
BN41,Sussex
BN42,Sussex
BN43,Sussex
BN44,Sussex
BN45,Sussex
BN5,Sussex
BN50,Sussex
BN51,Sussex
BN52,Sussex
BN6,Sussex
BN7,Sussex
BN8,Sussex
BN88,Sussex
BN9,Sussex
BN95,Sussex
BN99,Sussex
BR1,Kent
BR2,Kent
BR3,Kent
BR4,Kent
BR5,Kent
BR6,Kent
BR7,Kent
BR8,Kent
BS1,Gloucestershire
BS10,Gloucestershire
BS11,Gloucestershire
BS13,Somerset
BS14,Somerset
BS15,Gloucestershire
BS16,Gloucestershire
BS2,Gloucestershire
BS20,Somerset
BS21,Somerset
BS22,Somerset
BS23,Somerset
BS24,Somerset
BS25,Somerset
BS26,Somerset
BS27,Somerset
BS28,Somerset
BS29,Somerset
BS3,Somerset
BS30,Gloucestershire
BS31,Somerset
BS32,Gloucestershire
BS34,Gloucestershire
BS35,Gloucestershire
BS36,Gloucestershire
BS37,Gloucestershire
BS39,Somerset
BS4,Somerset
BS40,Somerset
BS41,Somerset
BS48,Somerset
BS49,Somerset
BS5,Gloucestershire
BS6,Gloucestershire
BS7,Gloucestershire
BS8,Gloucestershire
BS9,Gloucestershire
BS98,Gloucestershire
BS99,Gloucestershire
BT1,Antrim
BT10,Antrim
BT11,Antrim
BT12,Antrim
BT13,Antrim
BT14,Antrim
BT15,Antrim
BT16,Down
BT17,Antrim
BT18,Down
BT19,Down
BT2,Antrim
BT20,Down
BT21,Down
BT22,Down
BT23,Down
BT24,Down
BT25,Down
BT26,Down
BT27,Antrim
BT28,Antrim
BT29,Antrim
BT3,Antrim
BT30,Down
BT31,Down
BT32,Down
BT33,Down
BT34,Down
BT35,Armagh
BT36,Antrim
BT37,Antrim
BT38,Antrim
BT39,Antrim
BT4,Down
BT40,Antrim
BT41,Antrim
BT42,Antrim
BT43,Antrim
BT44,Antrim
BT45,Londonderry
BT46,Londonderry
BT47,Londonderry
BT48,Londonderry
BT49,Londonderry
BT5,Down
BT51,Londonderry
BT52,Londonderry
BT53,Antrim
BT54,Antrim
BT55,Londonderry
BT56,Antrim
BT57,Antrim
BT6,Down
BT60,Armagh
BT61,Armagh
BT62,Armagh
BT63,Armagh
BT64,Armagh
BT65,Armagh
BT66,Armagh
BT67,Antrim
BT68,Tyrone
BT69,Tyrone
BT7,Antrim
BT70,Tyrone
BT71,Tyrone
BT74,Fermanagh
BT75,Fermanagh
BT76,Tyrone
BT77,Tyrone
BT78,Tyrone
BT79,Tyrone
BT8,Down
BT80,Londonderry
BT81,Tyrone
BT82,Tyrone
BT9,Antrim
BT92,Fermanagh
BT93,Fermanagh
BT94,Fermanagh
CA1,Cumberland
CA10,Cumberland
CA11,Cumberland
CA12,Cumberland
CA13,Cumberland
CA14,Cumberland
CA15,Cumberland
CA16,Westmorland
CA17,Westmorland
CA18,Cumberland
CA19,Cumberland
CA2,Cumberland
CA20,Cumberland
CA21,Cumberland
CA22,Cumberland
CA23,Cumberland
CA24,Cumberland
CA25,Cumberland
CA26,Cumberland
CA27,Cumberland
CA28,Cumberland
CA3,Cumberland
CA4,Cumberland
CA5,Cumberland
CA6,Cumberland
CA7,Cumberland
CA8,Cumberland
CA9,Cumberland
CA95,Cumberland
CB1,Cambridgeshire
CB10,Essex
CB11,Essex
CB2,Cambridgeshire
CB21,Cambridgeshire
CB22,Cambridgeshire
CB23,Cambridgeshire
CB24,Cambridgeshire
CB25,Cambridgeshire
CB3,Cambridgeshire
CB4,Cambridgeshire
CB5,Cambridgeshire
CB6,Cambridgeshire
CB7,Cambridgeshire
CB8,Suffolk
CB9,Suffolk
CF10,Glamorgan
CF11,Glamorgan
CF14,Glamorgan
CF15,Glamorgan
CF23,Monmouthshire
CF24,Glamorgan
CF3,Monmouthshire
CF30,Monmouthshire
CF31,Glamorgan
CF32,Glamorgan
CF33,Glamorgan
CF34,Glamorgan
CF35,Glamorgan
CF36,Glamorgan
CF37,Glamorgan
CF38,Glamorgan
CF39,Glamorgan
CF40,Glamorgan
CF41,Glamorgan
CF42,Glamorgan
CF43,Glamorgan
CF44,Glamorgan
CF45,Glamorgan
CF46,Glamorgan
CF47,Glamorgan
CF48,Glamorgan
CF5,Glamorgan
CF61,Glamorgan
CF62,Glamorgan
CF63,Glamorgan
CF64,Glamorgan
CF71,Glamorgan
CF72,Glamorgan
CF81,Glamorgan
CF82,Glamorgan
CF83,Glamorgan
CF91,Glamorgan
CF95,Glamorgan
CF99,Glamorgan
CH1,Cheshire
CH2,Cheshire
CH25,Cheshire
CH26,Cheshire
CH27,Cheshire
CH28,Cheshire
CH29,Cheshire
CH3,Cheshire
CH30,Cheshire
CH31,Cheshire
CH32,Cheshire
CH33,Cheshire
CH34,Cheshire
CH4,Flintshire
CH41,Cheshire
CH42,Cheshire
CH43,Cheshire
CH44,Cheshire
CH45,Cheshire
CH46,Cheshire
CH47,Cheshire
CH48,Cheshire
CH49,Cheshire
CH5,Flintshire
CH6,Flintshire
CH60,Cheshire
CH61,Cheshire
CH62,Cheshire
CH63,Cheshire
CH64,Cheshire
CH65,Cheshire
CH66,Cheshire
CH7,Flintshire
CH70,Cheshire
CH8,Flintshire
CH88,Cheshire
CH99,Cheshire
CM0,Essex
CM1,Essex
CM11,Essex
CM12,Essex
CM13,Essex
CM14,Essex
CM15,Essex
CM16,Essex
CM17,Essex
CM18,Essex
CM19,Essex
CM2,Essex
CM20,Essex
CM21,Hertfordshire
CM22,Essex
CM23,Hertfordshire
CM24,Essex
CM3,Essex
CM4,Essex
CM5,Essex
CM6,Essex
CM7,Essex
CM77,Essex
CM8,Essex
CM9,Essex
CM92,Essex
CM98,Essex
CM99,Essex
CO1,Essex
CO10,Suffolk
CO11,Essex
CO12,Essex
CO13,Essex
CO14,Essex
CO15,Essex
CO16,Essex
CO2,Essex
CO3,Essex
CO4,Essex
CO5,Essex
CO6,Essex
CO7,Essex
CO8,Suffolk
CO9,Essex
CR0,Surrey
CR2,Surrey
CR3,Surrey
CR4,Surrey
CR5,Surrey
CR6,Surrey
CR7,Surrey
CR8,Surrey
CR9,Surrey
CR90,Surrey
CT1,Kent
CT10,Kent
CT11,Kent
CT12,Kent
CT13,Kent
CT14,Kent
CT15,Kent
CT16,Kent
CT17,Kent
CT18,Kent
CT19,Kent
CT2,Kent
CT20,Kent
CT21,Kent
CT3,Kent
CT4,Kent
CT5,Kent
CT50,Kent
CT6,Kent
CT7,Kent
CT8,Kent
CT9,Kent
CV1,Warwickshire
CV10,Warwickshire
CV11,Warwickshire
CV12,Warwickshire
CV13,Leicestershire
CV2,Warwickshire
CV21,Warwickshire
CV22,Warwickshire
CV23,Warwickshire
CV3,Warwickshire
CV31,Warwickshire
CV32,Warwickshire
CV33,Warwickshire
CV34,Warwickshire
CV35,Warwickshire
CV36,Warwickshire
CV37,Warwickshire
CV4,Warwickshire
CV47,Warwickshire
CV5,Warwickshire
CV6,Warwickshire
CV7,Warwickshire
CV8,Warwickshire
CV9,Warwickshire
CW1,Cheshire
CW10,Cheshire
CW11,Cheshire
CW12,Cheshire
CW2,Cheshire
CW3,Cheshire
CW4,Cheshire
CW5,Cheshire
CW6,Cheshire
CW7,Cheshire
CW8,Cheshire
CW9,Cheshire
CW98,Cheshire
DA1,Kent
DA10,Kent
DA11,Kent
DA12,Kent
DA13,Kent
DA14,Kent
DA15,Kent
DA16,Kent
DA17,Kent
DA18,Kent
DA2,Kent
DA3,Kent
DA4,Kent
DA5,Kent
DA6,Kent
DA7,Kent
DA8,Kent
DA9,Kent
DD1,Angus
DD10,Kincardineshire
DD11,Angus
DD2,Angus
DD3,Angus
DD4,Angus
DD5,Angus
DD6,Fife
DD7,Angus
DD8,Angus
DD9,Angus
DE1,Derbyshire
DE11,Derbyshire
DE12,Leicestershire
DE13,Staffordshire
DE14,Staffordshire
DE15,Derbyshire
DE21,Derbyshire
DE22,Derbyshire
DE23,Derbyshire
DE24,Derbyshire
DE3,Derbyshire
DE4,Derbyshire
DE45,Derbyshire
DE5,Derbyshire
DE55,Derbyshire
DE56,Derbyshire
DE6,Derbyshire
DE65,Derbyshire
DE7,Derbyshire
DE72,Derbyshire
DE73,Derbyshire
DE74,Leicestershire
DE75,Derbyshire
DE99,Derbyshire
DG1,Dumfriesshire
DG10,Dumfriesshire
DG11,Dumfriesshire
DG12,Dumfriesshire
DG13,Dumfriesshire
DG14,Dumfriesshire
DG16,Dumfriesshire
DG2,Kirkcudbrightshire
DG3,Dumfriesshire
DG4,Dumfriesshire
DG5,Kirkcudbrightshire
DG6,Kirkcudbrightshire
DG7,Kirkcudbrightshire
DG8,Wigtownshire
DG9,Wigtownshire
DH1,Durham
DH2,Durham
DH3,Durham
DH4,Durham
DH5,Durham
DH6,Durham
DH7,Durham
DH8,Durham
DH9,Durham
DH97,Durham
DH98,Durham
DH99,Durham
DL1,Durham
DL10,Yorkshire
DL11,Yorkshire
DL12,Durham
DL13,Durham
DL14,Durham
DL15,Durham
DL16,Durham
DL17,Durham
DL2,Durham
DL3,Durham
DL4,Durham
DL5,Durham
DL6,Yorkshire
DL7,Yorkshire
DL8,Yorkshire
DL9,Yorkshire
DL98,Durham
DN1,Yorkshire
DN10,Nottinghamshire
DN11,Yorkshire
DN12,Yorkshire
DN14,Yorkshire
DN15,Lincolnshire
DN16,Lincolnshire
DN17,Lincolnshire
DN18,Lincolnshire
DN19,Lincolnshire
DN2,Yorkshire
DN20,Lincolnshire
DN21,Lincolnshire
DN22,Nottinghamshire
DN3,Yorkshire
DN31,Lincolnshire
DN32,Lincolnshire
DN33,Lincolnshire
DN34,Lincolnshire
DN35,Lincolnshire
DN36,Lincolnshire
DN37,Lincolnshire
DN38,Lincolnshire
DN39,Lincolnshire
DN4,Yorkshire
DN40,Lincolnshire
DN41,Lincolnshire
DN5,Yorkshire
DN6,Yorkshire
DN7,Yorkshire
DN8,Yorkshire
DN9,Lincolnshire
DT1,Dorset
DT10,Dorset
DT11,Dorset
DT2,Dorset
DT3,Dorset
DT4,Dorset
DT5,Dorset
DT6,Dorset
DT7,Dorset
DT8,Dorset
DT9,Dorset
DY1,Staffordshire
DY10,Worcestershire
DY11,Worcestershire
DY12,Shropshire
DY13,Worcestershire
DY14,Shropshire
DY2,Staffordshire
DY3,Staffordshire
DY4,Staffordshire
DY5,Staffordshire
DY6,Staffordshire
DY7,Staffordshire
DY8,Worcestershire
DY9,Worcestershire
E1,Middlesex
E10,Essex
E11,Essex
E12,Essex
E13,Essex
E14,Middlesex
E15,Essex
E16,Essex
E17,Essex
E18,Essex
E1W,Middlesex
E2,Middlesex
E20,Essex
E22,Middlesex
E3,Middlesex
E4,Essex
E5,Middlesex
E6,Essex
E7,Essex
E8,Middlesex
E9,Middlesex
E98,Middlesex
EC1A,Middlesex
EC1M,Middlesex
EC1N,Middlesex
EC1P,Middlesex
EC1R,Middlesex
EC1V,Middlesex
EC1Y,Middlesex
EC2A,Middlesex
EC2M,Middlesex
EC2N,Middlesex
EC2P,Middlesex
EC2R,Middlesex
EC2V,Middlesex
EC2Y,Middlesex
EC3A,Middlesex
EC3M,Middlesex
EC3N,Middlesex
EC3P,Middlesex
EC3R,Middlesex
EC3V,Middlesex
EC4A,Middlesex
EC4M,Middlesex
EC4N,Middlesex
EC4P,Middlesex
EC4R,Middlesex
EC4V,Middlesex
EC4Y,Middlesex
EH1,Midlothian
EH10,Midlothian
EH11,Midlothian
EH12,Midlothian
EH13,Midlothian
EH14,Midlothian
EH15,Midlothian
EH16,Midlothian
EH17,Midlothian
EH18,Midlothian
EH19,Midlothian
EH2,Midlothian
EH20,Midlothian
EH21,Midlothian
EH22,Midlothian
EH23,Midlothian
EH24,Midlothian
EH25,Midlothian
EH26,Midlothian
EH27,Midlothian
EH28,Midlothian
EH29,West Lothian
EH3,Midlothian
EH30,West Lothian
EH31,East Lothian
EH32,East Lothian
EH33,East Lothian
EH34,East Lothian
EH35,East Lothian
EH36,East Lothian
EH37,Midlothian
EH38,Midlothian
EH39,East Lothian
EH4,Midlothian
EH40,East Lothian
EH41,East Lothian
EH42,East Lothian
EH43,Peeblesshire
EH44,Peeblesshire
EH45,Peeblesshire
EH46,Peeblesshire
EH47,West Lothian
EH48,West Lothian
EH49,West Lothian
EH5,Midlothian
EH51,West Lothian
EH52,West Lothian
EH53,Midlothian
EH54,West Lothian
EH55,Midlothian
EH6,Midlothian
EH7,Midlothian
EH8,Midlothian
EH9,Midlothian
EH91,Midlothian
EH95,Midlothian
EH99,Midlothian
EN1,Middlesex
EN10,Hertfordshire
EN11,Hertfordshire
EN2,Middlesex
EN3,Middlesex
EN4,Middlesex
EN5,Hertfordshire
EN6,Middlesex
EN7,Hertfordshire
EN8,Hertfordshire
EN9,Essex
EX1,Devon
EX10,Devon
EX11,Devon
EX12,Devon
EX13,Devon
EX14,Devon
EX15,Devon
EX16,Devon
EX17,Devon
EX18,Devon
EX19,Devon
EX2,Devon
EX20,Devon
EX21,Devon
EX22,Devon
EX23,Cornwall
EX24,Devon
EX3,Devon
EX31,Devon
EX32,Devon
EX33,Devon
EX34,Devon
EX35,Devon
EX36,Devon
EX37,Devon
EX38,Devon
EX39,Devon
EX4,Devon
EX5,Devon
EX6,Devon
EX7,Devon
EX8,Devon
EX9,Devon
FK1,Stirlingshire
FK10,Clackmannanshire
FK11,Clackmannanshire
FK12,Clackmannanshire
FK13,Clackmannanshire
FK14,Clackmannanshire
FK15,Perthshire
FK16,Perthshire
FK17,Perthshire
FK18,Perthshire
FK19,Perthshire
FK2,Stirlingshire
FK20,Perthshire
FK21,Perthshire
FK3,Stirlingshire
FK4,Stirlingshire
FK5,Stirlingshire
FK6,Stirlingshire
FK7,Stirlingshire
FK8,Stirlingshire
FK9,Stirlingshire
FY1,Lancashire
FY2,Lancashire
FY3,Lancashire
FY4,Lancashire
FY5,Lancashire
FY6,Lancashire
FY7,Lancashire
FY8,Lancashire
G1,Lanarkshire
G11,Lanarkshire
G12,Lanarkshire
G13,Renfrewshire
G14,Renfrewshire
G15,Dunbartonshire
G2,Lanarkshire
G20,Lanarkshire
G21,Lanarkshire
G22,Lanarkshire
G23,Lanarkshire
G3,Lanarkshire
G31,Lanarkshire
G32,Lanarkshire
G33,Lanarkshire
G34,Lanarkshire
G4,Lanarkshire
G40,Lanarkshire
G41,Lanarkshire
G42,Lanarkshire
G43,Renfrewshire
G44,Renfrewshire
G45,Lanarkshire
G46,Renfrewshire
G5,Lanarkshire
G51,Lanarkshire
G52,Lanarkshire
G53,Renfrewshire
G58,Renfrewshire
G60,Dunbartonshire
G61,Dunbartonshire
G62,Stirlingshire
G63,Stirlingshire
G64,Lanarkshire
G65,Stirlingshire
G66,Dunbartonshire
G67,Dunbartonshire
G68,Dunbartonshire
G69,Lanarkshire
G70,Dunbartonshire
G71,Lanarkshire
G72,Lanarkshire
G73,Lanarkshire
G74,Lanarkshire
G75,Lanarkshire
G76,Renfrewshire
G77,Renfrewshire
G78,Renfrewshire
G79,Lanarkshire
G81,Dunbartonshire
G82,Dunbartonshire
G83,Dunbartonshire
G84,Dunbartonshire
G90,Lanarkshire
GL1,Gloucestershire
GL10,Gloucestershire
GL11,Gloucestershire
GL12,Gloucestershire
GL13,Gloucestershire
GL14,Gloucestershire
GL15,Gloucestershire
GL16,Gloucestershire
GL17,Gloucestershire
GL18,Gloucestershire
GL19,Gloucestershire
GL2,Gloucestershire
GL20,Gloucestershire
GL3,Gloucestershire
GL4,Gloucestershire
GL5,Gloucestershire
GL50,Gloucestershire
GL51,Gloucestershire
GL52,Gloucestershire
GL53,Gloucestershire
GL54,Gloucestershire
GL55,Gloucestershire
GL56,Gloucestershire
GL6,Gloucestershire
GL7,Gloucestershire
GL8,Gloucestershire
GL9,Gloucestershire
GU1,Surrey
GU10,Surrey
GU11,Hampshire
GU12,Hampshire
GU14,Hampshire
GU15,Surrey
GU16,Surrey
GU17,Hampshire
GU18,Surrey
GU19,Surrey
GU2,Surrey
GU20,Surrey
GU21,Surrey
GU22,Surrey
GU23,Surrey
GU24,Surrey
GU25,Surrey
GU26,Surrey
GU27,Surrey
GU28,Sussex
GU29,Sussex
GU3,Surrey
GU30,Hampshire
GU31,Hampshire
GU32,Hampshire
GU33,Hampshire
GU34,Hampshire
GU35,Hampshire
GU4,Surrey
GU46,Hampshire
GU47,Berkshire
GU5,Surrey
GU51,Hampshire
GU52,Hampshire
GU6,Surrey
GU7,Surrey
GU8,Surrey
GU9,Surrey
HA0,Middlesex
HA1,Middlesex
HA2,Middlesex
HA3,Middlesex
HA4,Middlesex
HA5,Middlesex
HA6,Middlesex
HA7,Middlesex
HA8,Middlesex
HA9,Middlesex
HD1,Yorkshire
HD2,Yorkshire
HD3,Yorkshire
HD4,Yorkshire
HD5,Yorkshire
HD6,Yorkshire
HD7,Yorkshire
HD8,Yorkshire
HD9,Yorkshire
HG1,Yorkshire
HG2,Yorkshire
HG3,Yorkshire
HG4,Yorkshire
HG5,Yorkshire
HP1,Hertfordshire
HP10,Buckinghamshire
HP11,Buckinghamshire
HP12,Buckinghamshire
HP13,Buckinghamshire
HP14,Buckinghamshire
HP15,Buckinghamshire
HP16,Buckinghamshire
HP17,Buckinghamshire
HP18,Buckinghamshire
HP19,Buckinghamshire
HP2,Hertfordshire
HP20,Buckinghamshire
HP21,Buckinghamshire
HP22,Buckinghamshire
HP23,Hertfordshire
HP27,Buckinghamshire
HP3,Hertfordshire
HP4,Hertfordshire
HP5,Buckinghamshire
HP6,Buckinghamshire
HP7,Buckinghamshire
HP8,Buckinghamshire
HP9,Buckinghamshire
HR1,Herefordshire
HR2,Herefordshire
HR3,Brecknockshire
HR4,Herefordshire
HR5,Herefordshire
HR6,Herefordshire
HR7,Herefordshire
HR8,Herefordshire
HR9,Herefordshire
HS1,Ross-shire
HS2,Ross-shire
HS3,Inverness-shire
HS4,Inverness-shire
HS5,Inverness-shire
HS6,Inverness-shire
HS7,Inverness-shire
HS8,Inverness-shire
HS9,Inverness-shire
HU1,Yorkshire
HU10,Yorkshire
HU11,Yorkshire
HU12,Yorkshire
HU13,Yorkshire
HU14,Yorkshire
HU15,Yorkshire
HU16,Yorkshire
HU17,Yorkshire
HU18,Yorkshire
HU19,Yorkshire
HU2,Yorkshire
HU20,Yorkshire
HU3,Yorkshire
HU4,Yorkshire
HU5,Yorkshire
HU6,Yorkshire
HU7,Yorkshire
HU8,Yorkshire
HU9,Yorkshire
HX1,Yorkshire
HX2,Yorkshire
HX3,Yorkshire
HX4,Yorkshire
HX5,Yorkshire
HX6,Yorkshire
HX7,Yorkshire
IG1,Essex
IG10,Essex
IG11,Essex
IG2,Essex
IG3,Essex
IG4,Essex
IG5,Essex
IG6,Essex
IG7,Essex
IG8,Essex
IG9,Essex
IP1,Suffolk
IP10,Suffolk
IP11,Suffolk
IP12,Suffolk
IP13,Suffolk
IP14,Suffolk
IP15,Suffolk
IP16,Suffolk
IP17,Suffolk
IP18,Suffolk
IP19,Suffolk
IP2,Suffolk
IP20,Norfolk
IP21,Suffolk
IP22,Suffolk
IP23,Suffolk
IP24,Norfolk
IP25,Norfolk
IP26,Norfolk
IP27,Suffolk
IP28,Suffolk
IP29,Suffolk
IP3,Suffolk
IP30,Suffolk
IP31,Suffolk
IP32,Suffolk
IP33,Suffolk
IP4,Suffolk
IP5,Suffolk
IP6,Suffolk
IP7,Suffolk
IP8,Suffolk
IP9,Suffolk
IP98,Norfolk
IV1,Inverness-shire
IV10,Ross-shire
IV11,Cromartyshire
IV12,Nairnshire
IV13,Inverness-shire
IV14,Cromartyshire
IV15,Ross-shire
IV16,Ross-shire
IV17,Ross-shire
IV18,Ross-shire
IV19,Ross-shire
IV2,Inverness-shire
IV20,Ross-shire
IV21,Ross-shire
IV22,Ross-shire
IV23,Ross-shire
IV24,Sutherland
IV25,Sutherland
IV26,Cromartyshire
IV27,Sutherland
IV28,Sutherland
IV3,Inverness-shire
IV30,Morayshire
IV31,Morayshire
IV32,Morayshire
IV36,Morayshire
IV4,Ross-shire
IV40,Ross-shire
IV41,Inverness-shire
IV42,Inverness-shire
IV43,Inverness-shire
IV44,Inverness-shire
IV45,Inverness-shire
IV46,Inverness-shire
IV47,Inverness-shire
IV48,Inverness-shire
IV49,Inverness-shire
IV5,Inverness-shire
IV51,Inverness-shire
IV52,Ross-shire
IV53,Ross-shire
IV54,Ross-shire
IV55,Inverness-shire
IV56,Inverness-shire
IV6,Ross-shire
IV63,Inverness-shire
IV7,Ross-shire
IV8,Ross-shire
IV9,Ross-shire
IV99,Inverness-shire
KA1,Ayrshire
KA10,Ayrshire
KA11,Ayrshire
KA12,Ayrshire
KA13,Ayrshire
KA14,Ayrshire
KA15,Ayrshire
KA16,Ayrshire
KA17,Ayrshire
KA18,Ayrshire
KA19,Ayrshire
KA2,Ayrshire
KA20,Ayrshire
KA21,Ayrshire
KA22,Ayrshire
KA23,Ayrshire
KA24,Ayrshire
KA25,Ayrshire
KA26,Ayrshire
KA27,Buteshire
KA28,Buteshire
KA29,Ayrshire
KA3,Ayrshire
KA30,Ayrshire
KA4,Ayrshire
KA5,Ayrshire
KA6,Ayrshire
KA7,Ayrshire
KA8,Ayrshire
KA9,Ayrshire
KT1,Surrey
KT10,Surrey
KT11,Surrey
KT12,Surrey
KT13,Surrey
KT14,Surrey
KT15,Surrey
KT16,Surrey
KT17,Surrey
KT18,Surrey
KT19,Surrey
KT2,Surrey
KT20,Surrey
KT21,Surrey
KT22,Surrey
KT23,Surrey
KT24,Surrey
KT3,Surrey
KT4,Surrey
KT5,Surrey
KT6,Surrey
KT7,Surrey
KT8,Surrey
KT9,Surrey
KW1,Caithness
KW10,Sutherland
KW11,Sutherland
KW12,Caithness
KW13,Sutherland
KW14,Caithness
KW15,Orkney
KW16,Orkney
KW17,Orkney
KW2,Caithness
KW3,Caithness
KW5,Caithness
KW6,Caithness
KW7,Caithness
KW8,Sutherland
KW9,Sutherland
KY1,Fife
KY10,Fife
KY11,Fife
KY12,Fife
KY13,Kinross-shire
KY14,Fife
KY15,Fife
KY16,Fife
KY2,Fife
KY3,Fife
KY4,Fife
KY5,Fife
KY6,Fife
KY7,Fife
KY8,Fife
KY9,Fife
KY99,Fife
L1,Lancashire
L10,Lancashire
L11,Lancashire
L12,Lancashire
L13,Lancashire
L14,Lancashire
L15,Lancashire
L16,Lancashire
L17,Lancashire
L18,Lancashire
L19,Lancashire
L2,Lancashire
L20,Lancashire
L21,Lancashire
L22,Lancashire
L23,Lancashire
L24,Lancashire
L25,Lancashire
L26,Lancashire
L27,Lancashire
L28,Lancashire
L29,Lancashire
L3,Lancashire
L30,Lancashire
L31,Lancashire
L32,Lancashire
L33,Lancashire
L34,Lancashire
L35,Lancashire
L36,Lancashire
L37,Lancashire
L38,Lancashire
L39,Lancashire
L4,Lancashire
L40,Lancashire
L5,Lancashire
L6,Lancashire
L67,Lancashire
L68,Lancashire
L69,Lancashire
L7,Lancashire
L70,Lancashire
L71,Lancashire
L72,Lancashire
L74,Lancashire
L75,Lancashire
L8,Lancashire
L80,Lancashire
L9,Lancashire
LA1,Lancashire
LA10,Yorkshire
LA11,Lancashire
LA12,Lancashire
LA13,Lancashire
LA14,Lancashire
LA15,Lancashire
LA16,Lancashire
LA17,Lancashire
LA18,Cumberland
LA19,Cumberland
LA2,Lancashire
LA20,Lancashire
LA21,Lancashire
LA22,Westmorland
LA23,Westmorland
LA3,Lancashire
LA4,Lancashire
LA5,Westmorland
LA6,Lancashire
LA7,Westmorland
LA8,Westmorland
LA9,Westmorland
LD1,Radnorshire
LD2,Brecknockshire
LD3,Brecknockshire
LD4,Brecknockshire
LD5,Brecknockshire
LD6,Radnorshire
LD7,Radnorshire
LD8,Radnorshire
LE1,Leicestershire
LE10,Leicestershire
LE11,Leicestershire
LE12,Leicestershire
LE13,Leicestershire
LE14,Leicestershire
LE15,Rutland
LE16,Leicestershire
LE17,Leicestershire
LE18,Leicestershire
LE19,Leicestershire
LE2,Leicestershire
LE21,Leicestershire
LE3,Leicestershire
LE4,Leicestershire
LE41,Leicestershire
LE5,Leicestershire
LE6,Leicestershire
LE65,Leicestershire
LE67,Leicestershire
LE7,Leicestershire
LE8,Leicestershire
LE87,Leicestershire
LE9,Leicestershire
LE94,Leicestershire
LE95,Leicestershire
LL11,Denbighshire
LL12,Denbighshire
LL13,Flintshire
LL14,Denbighshire
LL15,Denbighshire
LL16,Denbighshire
LL17,Flintshire
LL18,Flintshire
LL19,Flintshire
LL20,Denbighshire
LL21,Merionethshire
LL22,Denbighshire
LL23,Merionethshire
LL24,Caernarfonshire
LL25,Caernarfonshire
LL26,Denbighshire
LL27,Caernarfonshire
LL28,Denbighshire
LL29,Denbighshire
LL30,Caernarfonshire
LL31,Caernarfonshire
LL32,Caernarfonshire
LL33,Caernarfonshire
LL34,Caernarfonshire
LL35,Merionethshire
LL36,Merionethshire
LL37,Merionethshire
LL38,Merionethshire
LL39,Merionethshire
LL40,Merionethshire
LL41,Merionethshire
LL42,Merionethshire
LL43,Merionethshire
LL44,Merionethshire
LL45,Merionethshire
LL46,Merionethshire
LL47,Merionethshire
LL48,Merionethshire
LL49,Caernarfonshire
LL51,Caernarfonshire
LL52,Caernarfonshire
LL53,Caernarfonshire
LL54,Caernarfonshire
LL55,Caernarfonshire
LL56,Caernarfonshire
LL57,Caernarfonshire
LL58,Anglesey
LL59,Anglesey
LL60,Anglesey
LL61,Anglesey
LL62,Anglesey
LL63,Anglesey
LL64,Anglesey
LL65,Anglesey
LL66,Anglesey
LL67,Anglesey
LL68,Anglesey
LL69,Anglesey
LL70,Anglesey
LL71,Anglesey
LL72,Anglesey
LL73,Anglesey
LL74,Anglesey
LL75,Anglesey
LL76,Anglesey
LL77,Anglesey
LL78,Anglesey
LN1,Lincolnshire
LN10,Lincolnshire
LN11,Lincolnshire
LN12,Lincolnshire
LN13,Lincolnshire
LN2,Lincolnshire
LN3,Lincolnshire
LN4,Lincolnshire
LN5,Lincolnshire
LN6,Lincolnshire
LN7,Lincolnshire
LN8,Lincolnshire
LN9,Lincolnshire
LS1,Yorkshire
LS10,Yorkshire
LS11,Yorkshire
LS12,Yorkshire
LS13,Yorkshire
LS14,Yorkshire
LS15,Yorkshire
LS16,Yorkshire
LS17,Yorkshire
LS18,Yorkshire
LS19,Yorkshire
LS2,Yorkshire
LS20,Yorkshire
LS21,Yorkshire
LS22,Yorkshire
LS23,Yorkshire
LS24,Yorkshire
LS25,Yorkshire
LS26,Yorkshire
LS27,Yorkshire
LS28,Yorkshire
LS29,Yorkshire
LS3,Yorkshire
LS4,Yorkshire
LS5,Yorkshire
LS6,Yorkshire
LS7,Yorkshire
LS8,Yorkshire
LS88,Yorkshire
LS9,Yorkshire
LS98,Yorkshire
LS99,Yorkshire
LU1,Bedfordshire
LU2,Bedfordshire
LU3,Bedfordshire
LU4,Bedfordshire
LU5,Bedfordshire
LU6,Bedfordshire
LU7,Bedfordshire
M1,Lancashire
M11,Lancashire
M12,Lancashire
M13,Lancashire
M14,Lancashire
M15,Lancashire
M16,Lancashire
M17,Lancashire
M18,Lancashire
M19,Lancashire
M2,Lancashire
M20,Lancashire
M21,Lancashire
M22,Cheshire
M23,Cheshire
M24,Lancashire
M25,Lancashire
M26,Lancashire
M27,Lancashire
M28,Lancashire
M29,Lancashire
M3,Lancashire
M30,Lancashire
M31,Cheshire
M32,Lancashire
M33,Cheshire
M34,Lancashire
M35,Lancashire
M38,Lancashire
M4,Lancashire
M40,Lancashire
M41,Lancashire
M43,Lancashire
M44,Lancashire
M45,Lancashire
M46,Lancashire
M5,Lancashire
M50,Lancashire
M6,Lancashire
M60,Lancashire
M61,Lancashire
M7,Lancashire
M8,Lancashire
M9,Lancashire
M90,Cheshire
M99,Lancashire
ME1,Kent
ME10,Kent
ME11,Kent
ME12,Kent
ME13,Kent
ME14,Kent
ME15,Kent
ME16,Kent
ME17,Kent
ME18,Kent
ME19,Kent
ME2,Kent
ME20,Kent
ME3,Kent
ME4,Kent
ME5,Kent
ME6,Kent
ME7,Kent
ME8,Kent
ME9,Kent
MK1,Buckinghamshire
MK10,Buckinghamshire
MK11,Buckinghamshire
MK12,Buckinghamshire
MK13,Buckinghamshire
MK14,Buckinghamshire
MK15,Buckinghamshire
MK16,Buckinghamshire
MK17,Buckinghamshire
MK18,Buckinghamshire
MK19,Northamptonshire
MK2,Buckinghamshire
MK3,Buckinghamshire
MK4,Buckinghamshire
MK40,Bedfordshire
MK41,Bedfordshire
MK42,Bedfordshire
MK43,Bedfordshire
MK44,Bedfordshire
MK45,Bedfordshire
MK46,Buckinghamshire
MK5,Buckinghamshire
MK6,Buckinghamshire
MK7,Buckinghamshire
MK77,Buckinghamshire
MK8,Buckinghamshire
MK9,Buckinghamshire
ML1,Lanarkshire
ML10,Lanarkshire
ML11,Lanarkshire
ML12,Lanarkshire
ML2,Lanarkshire
ML3,Lanarkshire
ML4,Lanarkshire
ML5,Lanarkshire
ML6,Lanarkshire
ML7,Lanarkshire
ML8,Lanarkshire
ML9,Lanarkshire
N1,Middlesex
N10,Middlesex
N11,Middlesex
N12,Middlesex
N13,Middlesex
N14,Middlesex
N15,Middlesex
N16,Middlesex
N17,Middlesex
N18,Middlesex
N19,Middlesex
N1C,Middlesex
N1P,Middlesex
N2,Middlesex
N20,Middlesex
N21,Middlesex
N22,Middlesex
N3,Middlesex
N4,Middlesex
N5,Middlesex
N6,Middlesex
N7,Middlesex
N8,Middlesex
N81,Essex
N9,Middlesex
NE1,Northumberland
NE10,Durham
NE11,Durham
NE12,Northumberland
NE13,Northumberland
NE15,Northumberland
NE16,Durham
NE17,Durham
NE18,Northumberland
NE19,Northumberland
NE2,Northumberland
NE20,Northumberland
NE21,Durham
NE22,Northumberland
NE23,Northumberland
NE24,Northumberland
NE25,Northumberland
NE26,Northumberland
NE27,Northumberland
NE28,Northumberland
NE29,Northumberland
NE3,Northumberland
NE30,Northumberland
NE31,Durham
NE32,Durham
NE33,Durham
NE34,Durham
NE35,Durham
NE36,Durham
NE37,Durham
NE38,Durham
NE39,Durham
NE4,Northumberland
NE40,Durham
NE41,Northumberland
NE42,Northumberland
NE43,Northumberland
NE44,Northumberland
NE45,Northumberland
NE46,Northumberland
NE47,Northumberland
NE48,Northumberland
NE49,Northumberland
NE5,Northumberland
NE6,Northumberland
NE61,Northumberland
NE62,Northumberland
NE63,Northumberland
NE64,Northumberland
NE65,Northumberland
NE66,Northumberland
NE67,Northumberland
NE68,Northumberland
NE69,Northumberland
NE7,Northumberland
NE70,Northumberland
NE71,Northumberland
NE8,Durham
NE85,Durham
NE88,Durham
NE9,Durham
NE92,Durham
NE98,Northumberland
NE99,Northumberland
NG1,Nottinghamshire
NG10,Derbyshire
NG11,Nottinghamshire
NG12,Nottinghamshire
NG13,Leicestershire
NG14,Nottinghamshire
NG15,Nottinghamshire
NG16,Nottinghamshire
NG17,Nottinghamshire
NG18,Nottinghamshire
NG19,Nottinghamshire
NG2,Nottinghamshire
NG20,Nottinghamshire
NG21,Nottinghamshire
NG22,Nottinghamshire
NG23,Lincolnshire
NG24,Nottinghamshire
NG25,Nottinghamshire
NG3,Nottinghamshire
NG31,Lincolnshire
NG32,Leicestershire
NG33,Lincolnshire
NG34,Lincolnshire
NG4,Nottinghamshire
NG5,Nottinghamshire
NG6,Nottinghamshire
NG7,Nottinghamshire
NG8,Nottinghamshire
NG80,Nottinghamshire
NG9,Nottinghamshire
NG90,Nottinghamshire
NN1,Northamptonshire
NN10,Northamptonshire
NN11,Northamptonshire
NN12,Northamptonshire
NN13,Northamptonshire
NN14,Northamptonshire
NN15,Northamptonshire
NN16,Northamptonshire
NN17,Northamptonshire
NN18,Northamptonshire
NN2,Northamptonshire
NN29,Northamptonshire
NN3,Northamptonshire
NN4,Northamptonshire
NN5,Northamptonshire
NN6,Northamptonshire
NN7,Northamptonshire
NN8,Northamptonshire
NN9,Northamptonshire
NP10,Monmouthshire
NP11,Monmouthshire
NP12,Monmouthshire
NP13,Monmouthshire
NP15,Monmouthshire
NP16,Monmouthshire
NP18,Monmouthshire
NP19,Monmouthshire
NP20,Monmouthshire
NP22,Brecknockshire
NP23,Brecknockshire
NP24,Monmouthshire
NP25,Monmouthshire
NP26,Monmouthshire
NP4,Monmouthshire
NP44,Monmouthshire
NP7,Brecknockshire
NP8,Brecknockshire
NP90,Monmouthshire
NR1,Norfolk
NR10,Norfolk
NR11,Norfolk
NR12,Norfolk
NR13,Norfolk
NR14,Norfolk
NR15,Norfolk
NR16,Norfolk
NR17,Norfolk
NR18,Norfolk
NR19,Norfolk
NR2,Norfolk
NR20,Norfolk
NR21,Norfolk
NR22,Norfolk
NR23,Norfolk
NR24,Norfolk
NR25,Norfolk
NR26,Norfolk
NR27,Norfolk
NR28,Norfolk
NR29,Norfolk
NR3,Norfolk
NR30,Norfolk
NR31,Suffolk
NR32,Suffolk
NR33,Suffolk
NR34,Norfolk
NR35,Suffolk
NR4,Norfolk
NR5,Norfolk
NR6,Norfolk
NR7,Norfolk
NR8,Norfolk
NR9,Norfolk
NR99,Norfolk
NW1,Middlesex
NW10,Middlesex
NW11,Middlesex
NW1W,Middlesex
NW2,Middlesex
NW26,Middlesex
NW3,Middlesex
NW4,Middlesex
NW5,Middlesex
NW6,Middlesex
NW7,Middlesex
NW8,Middlesex
NW9,Middlesex
OL1,Lancashire
OL10,Lancashire
OL11,Lancashire
OL12,Lancashire
OL13,Lancashire
OL14,Lancashire
OL15,Lancashire
OL16,Lancashire
OL2,Lancashire
OL3,Yorkshire
OL4,Lancashire
OL5,Lancashire
OL6,Lancashire
OL7,Lancashire
OL8,Lancashire
OL9,Lancashire
OX1,Oxfordshire
OX10,Berkshire
OX11,Berkshire
OX12,Berkshire
OX13,Berkshire
OX14,Berkshire
OX15,Oxfordshire
OX16,Oxfordshire
OX17,Oxfordshire
OX18,Oxfordshire
OX2,Oxfordshire
OX20,Oxfordshire
OX25,Oxfordshire
OX26,Oxfordshire
OX27,Buckinghamshire
OX28,Oxfordshire
OX29,Oxfordshire
OX3,Oxfordshire
OX33,Oxfordshire
OX39,Oxfordshire
OX4,Oxfordshire
OX44,Oxfordshire
OX49,Oxfordshire
OX5,Oxfordshire
OX7,Oxfordshire
OX9,Oxfordshire
PA1,Renfrewshire
PA10,Renfrewshire
PA11,Renfrewshire
PA12,Renfrewshire
PA13,Renfrewshire
PA14,Renfrewshire
PA15,Renfrewshire
PA16,Renfrewshire
PA17,Ayrshire
PA18,Renfrewshire
PA19,Renfrewshire
PA2,Renfrewshire
PA20,Buteshire
PA21,Argyllshire
PA22,Argyllshire
PA23,Argyllshire
PA24,Argyllshire
PA25,Argyllshire
PA26,Argyllshire
PA27,Argyllshire
PA28,Argyllshire
PA29,Argyllshire
PA3,Renfrewshire
PA30,Argyllshire
PA31,Argyllshire
PA32,Argyllshire
PA33,Argyllshire
PA34,Argyllshire
PA35,Argyllshire
PA36,Argyllshire
PA37,Argyllshire
PA38,Argyllshire
PA4,Renfrewshire
PA41,Argyllshire
PA42,Argyllshire
PA43,Argyllshire
PA44,Argyllshire
PA45,Argyllshire
PA46,Argyllshire
PA47,Argyllshire
PA48,Argyllshire
PA49,Argyllshire
PA5,Renfrewshire
PA6,Renfrewshire
PA60,Argyllshire
PA61,Argyllshire
PA62,Argyllshire
PA63,Argyllshire
PA64,Argyllshire
PA65,Argyllshire
PA66,Argyllshire
PA67,Argyllshire
PA68,Argyllshire
PA69,Argyllshire
PA7,Renfrewshire
PA70,Argyllshire
PA71,Argyllshire
PA72,Argyllshire
PA73,Argyllshire
PA74,Argyllshire
PA75,Argyllshire
PA76,Argyllshire
PA77,Argyllshire
PA78,Argyllshire
PA8,Renfrewshire
PA80,Argyllshire
PA9,Renfrewshire
PE1,Northamptonshire
PE10,Lincolnshire
PE11,Lincolnshire
PE12,Lincolnshire
PE13,Cambridgeshire
PE14,Cambridgeshire
PE15,Cambridgeshire
PE16,Cambridgeshire
PE19,Huntingdonshire
PE2,Northamptonshire
PE20,Lincolnshire
PE21,Lincolnshire
PE22,Lincolnshire
PE23,Lincolnshire
PE24,Lincolnshire
PE25,Lincolnshire
PE26,Huntingdonshire
PE27,Huntingdonshire
PE28,Huntingdonshire
PE29,Huntingdonshire
PE3,Northamptonshire
PE30,Norfolk
PE31,Norfolk
PE32,Norfolk
PE33,Norfolk
PE34,Norfolk
PE35,Norfolk
PE36,Norfolk
PE37,Norfolk
PE38,Norfolk
PE4,Northamptonshire
PE5,Northamptonshire
PE6,Lincolnshire
PE7,Huntingdonshire
PE8,Northamptonshire
PE9,Lincolnshire
PH1,Perthshire
PH10,Perthshire
PH11,Perthshire
PH12,Angus
PH13,Perthshire
PH14,Perthshire
PH15,Perthshire
PH16,Perthshire
PH17,Perthshire
PH18,Perthshire
PH19,Inverness-shire
PH2,Perthshire
PH20,Inverness-shire
PH21,Inverness-shire
PH22,Inverness-shire
PH23,Inverness-shire
PH24,Inverness-shire
PH25,Inverness-shire
PH26,Morayshire
PH3,Perthshire
PH30,Inverness-shire
PH31,Inverness-shire
PH32,Inverness-shire
PH33,Inverness-shire
PH34,Inverness-shire
PH35,Inverness-shire
PH36,Argyllshire
PH37,Inverness-shire
PH38,Inverness-shire
PH39,Inverness-shire
PH4,Perthshire
PH40,Inverness-shire
PH41,Argyllshire
PH42,Inverness-shire
PH43,Argyllshire
PH44,Argyllshire
PH49,Argyllshire
PH5,Perthshire
PH50,Inverness-shire
PH6,Perthshire
PH7,Perthshire
PH8,Perthshire
PH9,Perthshire
PL1,Devon
PL10,Cornwall
PL11,Cornwall
PL12,Cornwall
PL13,Cornwall
PL14,Cornwall
PL15,Cornwall
PL16,Devon
PL17,Cornwall
PL18,Cornwall
PL19,Devon
PL2,Devon
PL20,Devon
PL21,Devon
PL22,Cornwall
PL23,Cornwall
PL24,Cornwall
PL25,Cornwall
PL26,Cornwall
PL27,Cornwall
PL28,Cornwall
PL29,Cornwall
PL3,Devon
PL30,Cornwall
PL31,Cornwall
PL32,Cornwall
PL33,Cornwall
PL34,Cornwall
PL35,Cornwall
PL4,Devon
PL5,Devon
PL6,Devon
PL7,Devon
PL8,Devon
PL9,Devon
PL95,Devon
PO1,Hampshire
PO10,Hampshire
PO11,Hampshire
PO12,Hampshire
PO13,Hampshire
PO14,Hampshire
PO15,Hampshire
PO16,Hampshire
PO17,Hampshire
PO18,Sussex
PO19,Sussex
PO2,Hampshire
PO20,Sussex
PO21,Sussex
PO22,Sussex
PO3,Hampshire
PO30,Hampshire
PO31,Hampshire
PO32,Hampshire
PO33,Hampshire
PO34,Hampshire
PO35,Hampshire
PO36,Hampshire
PO37,Hampshire
PO38,Hampshire
PO39,Hampshire
PO4,Hampshire
PO40,Hampshire
PO41,Hampshire
PO5,Hampshire
PO6,Hampshire
PO7,Hampshire
PO8,Hampshire
PO9,Hampshire
PR0,Lancashire
PR1,Lancashire
PR11,Lancashire
PR2,Lancashire
PR25,Lancashire
PR26,Lancashire
PR3,Lancashire
PR4,Lancashire
PR5,Lancashire
PR6,Lancashire
PR7,Lancashire
PR8,Lancashire
PR9,Lancashire
RG1,Berkshire
RG10,Berkshire
RG12,Berkshire
RG14,Berkshire
RG17,Berkshire
RG18,Berkshire
RG19,Berkshire
RG2,Berkshire
RG20,Hampshire
RG21,Hampshire
RG22,Hampshire
RG23,Hampshire
RG24,Hampshire
RG25,Hampshire
RG26,Hampshire
RG27,Hampshire
RG28,Hampshire
RG29,Hampshire
RG30,Berkshire
RG31,Berkshire
RG4,Oxfordshire
RG40,Berkshire
RG41,Berkshire
RG42,Berkshire
RG45,Berkshire
RG5,Berkshire
RG6,Berkshire
RG7,Berkshire
RG8,Oxfordshire
RG9,Oxfordshire
RH1,Surrey
RH10,Sussex
RH11,Sussex
RH12,Sussex
RH13,Sussex
RH14,Sussex
RH15,Sussex
RH16,Sussex
RH17,Sussex
RH18,Sussex
RH19,Sussex
RH2,Surrey
RH20,Sussex
RH3,Surrey
RH4,Surrey
RH5,Surrey
RH6,Surrey
RH7,Surrey
RH77,Surrey
RH8,Surrey
RH9,Surrey
RM1,Essex
RM10,Essex
RM11,Essex
RM12,Essex
RM13,Essex
RM14,Essex
RM15,Essex
RM16,Essex
RM17,Essex
RM18,Essex
RM19,Essex
RM2,Essex
RM20,Essex
RM3,Essex
RM4,Essex
RM5,Essex
RM6,Essex
RM7,Essex
RM8,Essex
RM9,Essex
S1,Yorkshire
S10,Yorkshire
S11,Yorkshire
S12,Yorkshire
S13,Yorkshire
S14,Derbyshire
S17,Derbyshire
S18,Derbyshire
S2,Yorkshire
S20,Derbyshire
S21,Derbyshire
S25,Yorkshire
S26,Yorkshire
S3,Yorkshire
S32,Derbyshire
S33,Derbyshire
S35,Yorkshire
S36,Yorkshire
S4,Yorkshire
S40,Derbyshire
S41,Derbyshire
S42,Derbyshire
S43,Derbyshire
S44,Derbyshire
S45,Derbyshire
S49,Derbyshire
S5,Yorkshire
S6,Yorkshire
S60,Yorkshire
S61,Yorkshire
S62,Yorkshire
S63,Yorkshire
S64,Yorkshire
S65,Yorkshire
S66,Yorkshire
S7,Yorkshire
S70,Yorkshire
S71,Yorkshire
S72,Yorkshire
S73,Yorkshire
S74,Yorkshire
S75,Yorkshire
S8,Derbyshire
S80,Nottinghamshire
S81,Nottinghamshire
S9,Yorkshire
S95,Yorkshire
S96,Yorkshire
S97,Yorkshire
S98,Yorkshire
S99,Yorkshire
SA1,Glamorgan
SA10,Glamorgan
SA11,Glamorgan
SA12,Glamorgan
SA13,Glamorgan
SA14,Carmarthenshire
SA15,Carmarthenshire
SA16,Carmarthenshire
SA17,Carmarthenshire
SA18,Carmarthenshire
SA19,Carmarthenshire
SA2,Glamorgan
SA20,Carmarthenshire
SA3,Glamorgan
SA31,Carmarthenshire
SA32,Carmarthenshire
SA33,Carmarthenshire
SA34,Carmarthenshire
SA35,Pembrokeshire
SA36,Pembrokeshire
SA37,Pembrokeshire
SA38,Carmarthenshire
SA39,Carmarthenshire
SA4,Carmarthenshire
SA40,Carmarthenshire
SA41,Pembrokeshire
SA42,Pembrokeshire
SA43,Cardiganshire
SA44,Carmarthenshire
SA45,Cardiganshire
SA46,Cardiganshire
SA47,Cardiganshire
SA48,Cardiganshire
SA5,Glamorgan
SA6,Glamorgan
SA61,Pembrokeshire
SA62,Pembrokeshire
SA63,Pembrokeshire
SA64,Pembrokeshire
SA65,Pembrokeshire
SA66,Pembrokeshire
SA67,Pembrokeshire
SA68,Pembrokeshire
SA69,Pembrokeshire
SA7,Glamorgan
SA70,Pembrokeshire
SA71,Pembrokeshire
SA72,Pembrokeshire
SA73,Pembrokeshire
SA8,Glamorgan
SA80,Glamorgan
SA9,Brecknockshire
SA99,Glamorgan
SE1,Surrey
SE10,Kent
SE11,Surrey
SE12,Kent
SE13,Kent
SE14,Surrey
SE15,Surrey
SE16,Surrey
SE17,Surrey
SE18,Kent
SE19,Surrey
SE1P,Surrey
SE2,Kent
SE20,Surrey
SE21,Surrey
SE22,Surrey
SE23,Kent
SE24,Surrey
SE25,Surrey
SE26,Kent
SE27,Surrey
SE28,Kent
SE3,Kent
SE4,Kent
SE5,Surrey
SE6,Kent
SE7,Kent
SE8,Kent
SE9,Kent
SG1,Hertfordshire
SG10,Hertfordshire
SG11,Hertfordshire
SG12,Hertfordshire
SG13,Hertfordshire
SG14,Hertfordshire
SG15,Bedfordshire
SG16,Bedfordshire
SG17,Bedfordshire
SG18,Bedfordshire
SG19,Bedfordshire
SG2,Hertfordshire
SG3,Hertfordshire
SG4,Hertfordshire
SG5,Hertfordshire
SG6,Hertfordshire
SG7,Hertfordshire
SG8,Cambridgeshire
SG9,Hertfordshire
SK1,Cheshire
SK10,Cheshire
SK11,Cheshire
SK12,Cheshire
SK13,Derbyshire
SK14,Cheshire
SK15,Lancashire
SK16,Cheshire
SK17,Derbyshire
SK2,Cheshire
SK22,Derbyshire
SK23,Derbyshire
SK3,Cheshire
SK4,Cheshire
SK5,Lancashire
SK6,Cheshire
SK7,Cheshire
SK8,Cheshire
SK9,Cheshire
SL0,Buckinghamshire
SL1,Buckinghamshire
SL2,Buckinghamshire
SL3,Middlesex
SL4,Berkshire
SL5,Berkshire
SL6,Buckinghamshire
SL60,Berkshire
SL7,Buckinghamshire
SL8,Buckinghamshire
SL9,Buckinghamshire
SL95,Buckinghamshire
SM1,Surrey
SM2,Surrey
SM3,Surrey
SM4,Surrey
SM5,Surrey
SM6,Surrey
SM7,Surrey
SN1,Wiltshire
SN10,Wiltshire
SN11,Wiltshire
SN12,Wiltshire
SN13,Wiltshire
SN14,Wiltshire
SN15,Wiltshire
SN16,Wiltshire
SN2,Wiltshire
SN25,Wiltshire
SN26,Wiltshire
SN3,Wiltshire
SN38,Wiltshire
SN4,Wiltshire
SN5,Wiltshire
SN6,Wiltshire
SN7,Berkshire
SN8,Wiltshire
SN9,Wiltshire
SN99,Wiltshire
SO14,Hampshire
SO15,Hampshire
SO16,Hampshire
SO17,Hampshire
SO18,Hampshire
SO19,Hampshire
SO20,Hampshire
SO21,Hampshire
SO22,Hampshire
SO23,Hampshire
SO24,Hampshire
SO25,Hampshire
SO30,Hampshire
SO31,Hampshire
SO32,Hampshire
SO40,Hampshire
SO41,Hampshire
SO42,Hampshire
SO43,Hampshire
SO45,Hampshire
SO50,Hampshire
SO51,Hampshire
SO52,Hampshire
SO53,Hampshire
SO97,Hampshire
SP1,Wiltshire
SP10,Hampshire
SP11,Hampshire
SP2,Wiltshire
SP3,Wiltshire
SP4,Wiltshire
SP5,Wiltshire
SP6,Hampshire
SP7,Dorset
SP8,Dorset
SP9,Hampshire
SR1,Durham
SR2,Durham
SR3,Durham
SR4,Durham
SR5,Durham
SR6,Durham
SR7,Durham
SR8,Durham
SS0,Essex
SS1,Essex
SS11,Essex
SS12,Essex
SS13,Essex
SS14,Essex
SS15,Essex
SS16,Essex
SS17,Essex
SS2,Essex
SS22,Essex
SS3,Essex
SS4,Essex
SS5,Essex
SS6,Essex
SS7,Essex
SS8,Essex
SS9,Essex
SS99,Essex
ST1,Staffordshire
ST10,Staffordshire
ST11,Staffordshire
ST12,Staffordshire
ST13,Staffordshire
ST14,Staffordshire
ST15,Staffordshire
ST16,Staffordshire
ST17,Staffordshire
ST18,Staffordshire
ST19,Staffordshire
ST2,Staffordshire
ST20,Staffordshire
ST21,Staffordshire
ST3,Staffordshire
ST4,Staffordshire
ST5,Staffordshire
ST55,Staffordshire
ST6,Staffordshire
ST7,Staffordshire
ST8,Staffordshire
ST9,Staffordshire
SW10,Middlesex
SW11,Surrey
SW12,Surrey
SW13,Surrey
SW14,Surrey
SW15,Surrey
SW16,Surrey
SW17,Surrey
SW18,Surrey
SW19,Surrey
SW1A,Middlesex
SW1E,Middlesex
SW1H,Middlesex
SW1P,Middlesex
SW1V,Middlesex
SW1W,Middlesex
SW1X,Middlesex
SW1Y,Middlesex
SW2,Surrey
SW20,Surrey
SW3,Middlesex
SW4,Surrey
SW5,Middlesex
SW6,Middlesex
SW7,Middlesex
SW8,Surrey
SW9,Surrey
SW95,Surrey
SY1,Shropshire
SY10,Denbighshire
SY11,Shropshire
SY12,Shropshire
SY13,Shropshire
SY14,Cheshire
SY15,Montgomeryshire
SY16,Montgomeryshire
SY17,Montgomeryshire
SY18,Montgomeryshire
SY19,Montgomeryshire
SY2,Shropshire
SY20,Montgomeryshire
SY21,Montgomeryshire
SY22,Montgomeryshire
SY23,Cardiganshire
SY24,Cardiganshire
SY25,Cardiganshire
SY3,Shropshire
SY4,Shropshire
SY5,Shropshire
SY6,Shropshire
SY7,Shropshire
SY8,Shropshire
SY9,Shropshire
SY99,Shropshire
TA1,Somerset
TA10,Somerset
TA11,Somerset
TA12,Somerset
TA13,Somerset
TA14,Somerset
TA15,Somerset
TA16,Somerset
TA17,Somerset
TA18,Somerset
TA19,Somerset
TA2,Somerset
TA20,Somerset
TA21,Somerset
TA22,Somerset
TA23,Somerset
TA24,Somerset
TA3,Somerset
TA4,Somerset
TA5,Somerset
TA6,Somerset
TA7,Somerset
TA8,Somerset
TA9,Somerset
TD1,Roxburghshire
TD10,Berwickshire
TD11,Berwickshire
TD12,Berwickshire
TD13,Berwickshire
TD14,Berwickshire
TD15,Northumberland
TD2,Berwickshire
TD3,Berwickshire
TD4,Berwickshire
TD5,Roxburghshire
TD6,Roxburghshire
TD7,Selkirkshire
TD8,Roxburghshire
TD9,Roxburghshire
TF1,Shropshire
TF10,Shropshire
TF11,Shropshire
TF12,Shropshire
TF13,Shropshire
TF2,Shropshire
TF3,Shropshire
TF4,Shropshire
TF5,Shropshire
TF6,Shropshire
TF7,Shropshire
TF8,Shropshire
TF9,Shropshire
TN1,Kent
TN10,Kent
TN11,Kent
TN12,Kent
TN13,Kent
TN14,Kent
TN15,Kent
TN16,Kent
TN17,Kent
TN18,Kent
TN19,Sussex
TN2,Kent
TN20,Sussex
TN21,Sussex
TN22,Sussex
TN23,Kent
TN24,Kent
TN25,Kent
TN26,Kent
TN27,Kent
TN28,Kent
TN29,Kent
TN3,Kent
TN30,Kent
TN31,Sussex
TN32,Sussex
TN33,Sussex
TN34,Sussex
TN35,Sussex
TN36,Sussex
TN37,Sussex
TN38,Sussex
TN39,Sussex
TN4,Kent
TN40,Sussex
TN5,Sussex
TN6,Sussex
TN7,Sussex
TN8,Kent
TN9,Kent
TQ1,Devon
TQ10,Devon
TQ11,Devon
TQ12,Devon
TQ13,Devon
TQ14,Devon
TQ2,Devon
TQ3,Devon
TQ4,Devon
TQ5,Devon
TQ6,Devon
TQ7,Devon
TQ8,Devon
TQ9,Devon
TR1,Cornwall
TR10,Cornwall
TR11,Cornwall
TR12,Cornwall
TR13,Cornwall
TR14,Cornwall
TR15,Cornwall
TR16,Cornwall
TR17,Cornwall
TR18,Cornwall
TR19,Cornwall
TR2,Cornwall
TR20,Cornwall
TR21,Cornwall
TR22,Cornwall
TR23,Cornwall
TR24,Cornwall
TR25,Cornwall
TR26,Cornwall
TR27,Cornwall
TR3,Cornwall
TR4,Cornwall
TR5,Cornwall
TR6,Cornwall
TR7,Cornwall
TR8,Cornwall
TR9,Cornwall
TS1,Yorkshire
TS10,Yorkshire
TS11,Yorkshire
TS12,Yorkshire
TS13,Yorkshire
TS14,Yorkshire
TS15,Yorkshire
TS16,Durham
TS17,Yorkshire
TS18,Durham
TS19,Durham
TS2,Yorkshire
TS20,Durham
TS21,Durham
TS22,Durham
TS23,Durham
TS24,Durham
TS25,Durham
TS26,Durham
TS27,Durham
TS28,Durham
TS29,Durham
TS3,Yorkshire
TS4,Yorkshire
TS5,Yorkshire
TS6,Yorkshire
TS7,Yorkshire
TS8,Yorkshire
TS9,Yorkshire
TW1,Middlesex
TW10,Surrey
TW11,Middlesex
TW12,Middlesex
TW13,Middlesex
TW14,Middlesex
TW15,Middlesex
TW16,Middlesex
TW17,Middlesex
TW18,Middlesex
TW19,Buckinghamshire
TW2,Middlesex
TW20,Surrey
TW3,Middlesex
TW4,Middlesex
TW5,Middlesex
TW6,Middlesex
TW7,Middlesex
TW8,Middlesex
TW9,Surrey
UB1,Middlesex
UB10,Middlesex
UB11,Middlesex
UB18,Middlesex
UB2,Middlesex
UB3,Middlesex
UB4,Middlesex
UB5,Middlesex
UB6,Middlesex
UB7,Middlesex
UB8,Middlesex
UB9,Buckinghamshire
W10,Middlesex
W11,Middlesex
W12,Middlesex
W13,Middlesex
W14,Middlesex
W1A,Middlesex
W1B,Middlesex
W1C,Middlesex
W1D,Middlesex
W1F,Middlesex
W1G,Middlesex
W1H,Middlesex
W1J,Middlesex
W1K,Middlesex
W1S,Middlesex
W1T,Middlesex
W1U,Middlesex
W1W,Middlesex
W2,Middlesex
W3,Middlesex
W4,Middlesex
W5,Middlesex
W6,Middlesex
W7,Middlesex
W8,Middlesex
W9,Middlesex
WA1,Lancashire
WA10,Lancashire
WA11,Lancashire
WA12,Lancashire
WA13,Cheshire
WA14,Cheshire
WA15,Cheshire
WA16,Cheshire
WA2,Lancashire
WA3,Lancashire
WA4,Cheshire
WA5,Lancashire
WA55,Lancashire
WA6,Cheshire
WA7,Cheshire
WA8,Lancashire
WA88,Lancashire
WA9,Lancashire
WC1A,Middlesex
WC1B,Middlesex
WC1E,Middlesex
WC1H,Middlesex
WC1N,Middlesex
WC1R,Middlesex
WC1V,Middlesex
WC1X,Middlesex
WC2A,Middlesex
WC2B,Middlesex
WC2E,Middlesex
WC2H,Middlesex
WC2N,Middlesex
WC2R,Middlesex
WD17,Hertfordshire
WD18,Hertfordshire
WD19,Hertfordshire
WD23,Hertfordshire
WD24,Hertfordshire
WD25,Hertfordshire
WD3,Hertfordshire
WD4,Hertfordshire
WD5,Hertfordshire
WD6,Hertfordshire
WD7,Hertfordshire
WD99,Hertfordshire
WF1,Yorkshire
WF10,Yorkshire
WF11,Yorkshire
WF12,Yorkshire
WF13,Yorkshire
WF14,Yorkshire
WF15,Yorkshire
WF16,Yorkshire
WF17,Yorkshire
WF2,Yorkshire
WF3,Yorkshire
WF4,Yorkshire
WF5,Yorkshire
WF6,Yorkshire
WF7,Yorkshire
WF8,Yorkshire
WF9,Yorkshire
WF90,Yorkshire
WN1,Lancashire
WN2,Lancashire
WN3,Lancashire
WN4,Lancashire
WN5,Lancashire
WN6,Lancashire
WN7,Lancashire
WN8,Lancashire
WR1,Worcestershire
WR10,Worcestershire
WR11,Worcestershire
WR12,Worcestershire
WR13,Worcestershire
WR14,Worcestershire
WR15,Worcestershire
WR2,Worcestershire
WR3,Worcestershire
WR4,Worcestershire
WR5,Worcestershire
WR6,Worcestershire
WR7,Worcestershire
WR8,Worcestershire
WR9,Worcestershire
WR99,Worcestershire
WS1,Staffordshire
WS10,Staffordshire
WS11,Staffordshire
WS12,Staffordshire
WS13,Staffordshire
WS14,Staffordshire
WS15,Staffordshire
WS2,Staffordshire
WS3,Staffordshire
WS4,Staffordshire
WS5,Staffordshire
WS6,Staffordshire
WS7,Staffordshire
WS8,Staffordshire
WS9,Staffordshire
WV1,Staffordshire
WV10,Staffordshire
WV11,Staffordshire
WV12,Staffordshire
WV13,Staffordshire
WV14,Staffordshire
WV15,Shropshire
WV16,Shropshire
WV2,Staffordshire
WV3,Staffordshire
WV4,Staffordshire
WV5,Staffordshire
WV6,Staffordshire
WV7,Shropshire
WV8,Staffordshire
WV9,Staffordshire
WV98,Staffordshire
WV99,Shropshire
YO1,Yorkshire
YO10,Yorkshire
YO11,Yorkshire
YO12,Yorkshire
YO13,Yorkshire
YO14,Yorkshire
YO15,Yorkshire
YO16,Yorkshire
YO17,Yorkshire
YO18,Yorkshire
YO19,Yorkshire
YO21,Yorkshire
YO22,Yorkshire
YO23,Yorkshire
YO24,Yorkshire
YO25,Yorkshire
YO26,Yorkshire
YO30,Yorkshire
YO31,Yorkshire
YO32,Yorkshire
YO41,Yorkshire
YO42,Yorkshire
YO43,Yorkshire
YO51,Yorkshire
YO60,Yorkshire
YO61,Yorkshire
YO62,Yorkshire
YO7,Yorkshire
YO8,Yorkshire
YO90,Yorkshire
ZE1,Shetland
ZE2,Shetland
ZE3,Shetland